,res
0,-0.33501717
1,0.014095306
2,-0.50972575
3,-0.24654496
4,-0.40237814
5,-0.4019864
6,-0.09301222
7,-0.8345487
8,-0.9051244
9,0.2911067
10,-0.19327384
11,-0.043657064
12,0.013008773
13,0.99726063
14,-0.2850332
15,-0.5605264
16,-0.0017587543
17,1.187566
18,0.16343224
19,-0.18825212
20,-0.60793287
21,-0.24518213
22,-0.76054204
23,-0.45856214
24,-0.6338212
25,0.52277243
26,-0.2850332
27,-0.9950078
28,0.56046444
29,-0.614861
30,-0.014593877
31,0.14726532
32,0.55373394
33,0.5851885
34,0.8308051
35,0.051897496
36,-1.4233446
37,0.29306516
38,-0.46632817
39,0.31295174
40,0.35870773
41,-0.19176191
42,-0.10022197
43,-0.21597138
44,1.1392484
45,0.56476635
46,-0.5902258
47,0.26982826
48,-0.8828192
49,-0.25593284
50,-0.49882627
51,1.4549224
52,-0.26201785
53,-0.84139967
54,-0.20815551
55,0.49359718
56,-0.9103114
57,0.47463042
58,-0.004291117
59,0.20330578
60,-0.44679463
61,0.1674673
62,0.84788454
63,-0.2516767
64,-0.051037073
65,0.015609622
66,1.4512341
67,-0.8994479
68,0.27272493
69,0.79783905
70,0.4537357
71,1.3760892
72,0.9727906
73,0.39480802
74,-0.23305649
75,0.33649954
76,-1.3992207
77,-0.06264821
78,-0.46334922
79,0.084563464
80,-0.35629553
81,-0.27214283
82,-0.21917024
83,-0.13583583
84,-0.5306368
85,0.24710438
86,1.4501891
87,0.327944
88,0.22908977
89,0.25599593
90,-0.39153674
91,-0.14087701
92,0.27307835
93,-0.15135574
94,-0.1363818
95,0.382949
96,-1.430862
97,0.1291436
98,0.53645635
99,1.020865
100,0.2484734
101,0.70111406
102,-0.17734686
103,-0.4421758
104,1.7326164
105,0.33577934
106,0.5423733
107,-0.033423565
108,1.0713426
109,0.8890703
110,0.06366032
111,-0.14007121
112,-0.101278394
113,-0.26510605
114,0.2676854
115,-1.2284412
116,0.07512307
117,-0.14456546
118,0.36166728
119,1.404443
120,-0.42652965
121,-0.38945463
122,0.67578757
123,0.28030154
124,-0.4383506
125,-0.7974561
126,-0.06023389
127,-0.2964855
128,0.16939557
129,0.20330578
130,-0.9115266
131,-0.28802705
132,-0.25789234
133,-0.24059147
134,-0.38291562
135,-0.2259354
136,-0.55844545
137,0.2142348
138,-0.058575816
139,-0.96265864
140,-0.3713017
141,-0.41890678
142,-0.539715
143,0.4353125
144,-1.0802462
145,-0.80132467
146,0.327286
147,0.5723778
148,0.12729394
149,-0.36993107
150,0.4229029
151,-0.19180918
152,-0.4006159
153,0.013626143
154,0.034905426
155,-0.2850332
156,0.83821577
157,-0.12982455
158,-0.09145951
159,-0.83191335
160,-0.8162014
161,-0.033972286
162,-1.0284648
163,1.2833571
164,-1.0318085
165,0.20330578
166,0.62035775
167,-0.15833417
168,-0.036176242
169,-0.59125304
170,0.8902138
171,0.8036399
172,-0.2698229
173,0.10526872
174,0.0022888258
175,0.3745305
176,0.8159908
177,-1.3484132
178,-0.79211855
179,1.020865
180,0.20330578
181,0.4655108
182,0.1674673
183,0.29335973
184,0.37158695
185,-0.44576094
186,-0.7454769
187,-0.33518106
188,0.21685642
189,-0.49492723
190,0.03190732
191,-0.63918936
192,-0.7303982
193,-0.16492137
194,0.3441046
195,-0.27214283
196,0.40735248
197,0.13271648
198,-0.03855042
199,-0.5920428
200,1.1766195
201,-0.23217222
202,-0.83191335
203,-0.57565826
204,-0.13781705
205,0.5854887
206,-0.34218088
207,-0.3353467
208,-0.2814363
209,0.43557668
210,-2.9641352
211,-0.10976368
212,-0.023466721
213,-0.8755071
214,-0.25176656
215,-0.4008562
216,1.3959832
217,-0.59475434
218,1.5211705
219,-0.14815253
220,-0.43947077
221,0.117697656
222,-0.42525584
223,-0.5665326
224,-0.60086256
225,0.20330578
226,-0.61552465
227,0.28413522
228,0.2180394
229,-0.79778814
230,-0.59090334
231,-0.27542153
232,0.39460272
233,-0.17756355
234,0.20330578
235,0.21606767
236,-0.5616846
237,-0.26495108
238,0.704104
239,-0.36432862
240,0.7936322
241,-0.32382903
242,-0.14326164
243,0.31813347
244,0.6752175
245,-0.5432826
246,0.18660802
247,-0.1489315
248,0.12514085
249,0.5004319
250,-0.9859271
251,-0.39589214
252,-0.7687551
253,0.47621667
254,1.1931896
255,0.5499545
256,0.66558725
257,-0.07258114
258,0.7865946
259,-0.66935205
260,0.43587005
261,-0.83191335
262,-0.39176798
263,0.68550974
264,-0.16608596
265,0.53833383
266,1.1229842
267,-0.7382586
268,0.75611573
269,-0.16931185
270,-0.91753316
271,0.2002626
272,0.1674673
273,-0.1695286
274,-0.24201313
275,-0.25131807
276,-0.3867489
277,-0.19828191
278,-0.3991572
279,-0.17610052
280,0.05784294
281,-0.15227765
282,-0.1186043
283,0.20864123
284,-0.08821151
285,0.41229713
286,0.30492222
287,1.3779495
288,-0.8394166
289,0.20330578
290,-0.28474778
291,0.89237714
292,-0.7821189
293,-0.048454642
294,-0.7347148
295,-0.04087448
296,0.4217292
297,0.6191576
298,0.38135904
299,-1.1260302
300,-0.5226916
301,0.19276556
302,0.6493369
303,0.018161625
304,-0.6011144
305,0.6977278
306,0.49010515
307,-0.43182865
308,0.019623578
309,-0.58313024
310,-0.38446805
311,0.86403245
312,0.05141467
313,0.25334594
314,0.099999726
315,0.3732554
316,-0.19572932
317,0.85155106
318,-0.8543659
319,0.6267584
320,0.1674673
321,2.0666413
322,-0.8095454
323,-0.7567955
324,-0.429204
325,-1.119468
326,-0.2950667
327,-0.072627455
328,-0.887379
329,2.1317077
330,0.13547796
331,-0.13025695
332,-0.29515427
333,0.4644403
334,0.29751545
335,-0.5962632
336,-0.67493063
337,0.6642493
338,0.18318765
339,0.37711954
340,0.20330578
341,-0.6508687
342,-0.33439678
343,-0.09901863
344,-0.7098338
345,-0.17459828
346,-0.14257848
347,0.4389981
348,-0.49099696
349,-0.19574207
350,-0.22717303
351,0.17839888
352,-0.9796432
353,1.0936028
354,0.3325127
355,0.17069802
356,-0.58202606
357,-0.2093808
358,-0.37531054
359,0.06131041
360,-0.7765268
361,-0.22393966
362,-0.24588847
363,-0.3963368
364,-0.19394384
365,-0.20428777
366,0.0034899265
367,0.2585446
368,-0.5931305
369,1.4177722
370,-0.29041597
371,0.5615599
372,0.14901626
373,-0.8471447
374,0.69377553
375,-0.94226635
376,-0.27214283
377,-1.3539755
378,-1.3590472
379,0.6290276
380,-0.7191628
381,-0.69961786
382,-0.25959757
383,-0.53478664
384,0.20212734
385,0.70536727
386,0.65018475
387,0.9003593
388,1.447069
389,-0.42950374
390,-0.5308712
391,0.33378112
392,0.5615599
393,0.1674673
394,-0.7618502
395,0.8008013
396,-0.5816676
397,0.1286191
398,0.9289887
399,0.053692333
400,0.17157827
401,-0.51857114
402,0.5167763
403,0.36137748
404,0.053619325
405,0.36004096
406,0.3913921
407,-0.5666453
408,0.19753453
409,-0.62776965
410,-0.2950667
411,0.47750348
412,-0.5946326
413,-0.81668234
414,-0.2848717
415,0.20330578
416,0.61201936
417,0.20330578
418,-0.2850332
419,0.13712007
420,0.5365215
421,1.0793576
422,-0.2850332
423,-0.20124012
424,-0.9669764
425,1.2613952
426,0.063738436
427,0.20330578
428,-0.11888044
429,-0.123511314
430,-0.2524426
431,1.4912544
432,-0.2123807
433,-0.11477324
434,1.1789691
435,-0.6055299
436,-0.22969255
437,-0.33705306
438,-0.5635419
439,-0.1447539
440,-1.3881363
441,0.05744178
442,1.4362161
443,0.85901344
444,0.24436992
445,0.20330578
446,-0.04317075
447,-0.21396005
448,-1.2740278
449,0.74459743
450,-0.80093706
451,-0.12998354
452,0.40154815
453,1.2176536
454,0.79274637
455,-0.60986006
456,0.760611
457,-1.0340514
458,-1.188153
459,-0.3323586
460,-0.2698229
461,0.50429046
462,-0.28022736
463,0.3719334
464,1.4635623
465,0.84094363
466,1.2950604
467,-0.58654106
468,1.1819887
469,1.018645
470,-0.64612114
471,-0.21542913
472,0.2220963
473,-0.23165742
474,1.4501891
475,-0.15787858
476,-0.45073178
477,1.6283113
478,0.579653
479,-0.9281834
480,-0.26088208
481,-0.2850332
482,-0.70150447
483,-0.5693339
484,-0.4248281
485,0.03639573
486,-0.2058335
487,-0.45243484
488,0.84084934
489,-0.27542153
490,-0.880962
491,0.8291112
492,-0.11820185
493,-0.08443769
494,-0.644813
495,-0.2850332
496,-0.8394413
497,0.37015328
498,0.3235301
499,0.062059164
500,0.16849343
501,-0.25593284
502,-0.32703608
503,-0.10998842
504,-0.71166
505,-1.050837
506,-0.16152418
507,-0.10420781
508,-0.2850332
509,-0.1404792
510,0.1383909
511,0.20330578
512,-0.28352234
513,0.49673283
514,1.2369863
515,0.12171048
516,-1.3036776
517,-0.29710633
518,0.1674673
519,0.35613388
520,0.024652332
521,-0.39550042
522,-0.36197144
523,0.18185884
524,-0.7825226
525,-0.28046915
526,-0.3594996
527,0.7327389
528,-0.05108118
529,-0.22463742
530,-0.27214283
531,0.3817925
532,1.0417881
533,0.32077876
534,-0.4928315
535,0.9916729
536,0.7303974
537,-0.13546658
538,0.17568916
539,0.6052575
540,0.20330578
541,0.35025993
542,-0.392183
543,0.33841407
544,-0.37400544
545,1.1287814
546,-0.28910917
547,-0.2850332
548,-0.8398379
549,-1.2870347
550,-0.68430954
551,1.6289308
552,0.36240062
553,1.7866976
554,-1.351041
555,-1.2213769
556,-0.06361902
557,-0.19820571
558,-0.08950927
559,-0.6651363
560,1.4070829
561,-0.43577677
562,0.54265416
563,0.23257852
564,0.69775194
565,-0.10139614
566,1.3977237
567,0.7241248
568,-0.034101367
569,0.26628894
570,1.0221244
571,0.6706471
572,0.05760157
573,-0.2577617
574,-0.2898451
575,0.7640166
576,-0.28688878
577,0.21940374
578,-1.4683715
579,-0.9043845
580,-0.2767641
581,-0.04365351
582,0.31553587
583,0.7062348
584,-0.21995449
585,-0.13888973
586,-0.7900281
587,-0.62972915
588,0.80106735
589,-0.34294665
590,0.38106555
591,-0.2628631
592,0.18391052
593,0.15245038
594,0.28348234
595,0.42736903
596,-0.27214283
597,0.42719346
598,-1.116075
599,-0.19260687
600,-0.27214283
601,-0.617783
602,0.81165504
603,0.3665897
604,-0.03652221
605,-0.049642473
606,0.49620572
607,-0.61248624
608,-0.5847501
609,-0.7536895
610,-0.499802
611,-0.14352912
612,0.21292609
613,-0.5868038
614,0.005487919
615,-0.27214283
616,-1.3804011
617,1.0771875
618,1.4389007
619,0.057862677
620,-0.49247873
621,-0.3043979
622,-0.30353206
623,0.32038757
624,-0.0065787435
625,0.14929968
626,-0.33732992
627,-0.15547153
628,1.2237636
629,1.1855838
630,-0.4957217
631,-0.21671018
632,-0.56197655
633,-0.70949686
634,-0.2850332
635,-0.3353467
636,-0.4827575
637,0.14604867
638,-0.17017111
639,-0.3353467
640,-0.031902455
641,0.80715424
642,-0.8446389
643,-0.4280632
644,-0.6925077
645,-1.2867656
646,0.059372425
647,0.39939538
648,1.1678946
649,-0.30089754
650,1.5591295
651,0.5784301
652,0.33386806
653,0.9120324
654,0.2561613
655,0.3625292
656,1.5080833
657,-0.36430192
658,0.65215
659,-0.22404274
660,0.6978386
661,-0.27214283
662,-0.23948333
663,0.6645847
664,1.0192754
665,1.113569
666,-0.5316335
667,0.8218733
668,0.1498692
669,-0.75994974
670,-0.24840525
671,-0.6657541
672,-0.09054762
673,1.1607103
674,0.21132556
675,0.86943865
676,0.035203874
677,0.39533228
678,-3.254603
679,-1.438101
680,-0.1316958
681,0.06079191
682,0.23023772
683,-0.23876563
684,0.07627344
685,-0.18442139
686,-0.10413259
687,-0.11459323
688,0.022102743
689,-0.50595915
690,-0.13708651
691,-0.63767385
692,1.3081129
693,0.20587736
694,0.34606656
695,-0.7824252
696,-1.0954267
697,-0.6998084
698,-0.7379497
699,-0.22823524
700,-0.6984384
701,0.20330578
702,0.7383627
703,-0.45045686
704,0.07300016
705,0.7513404
706,0.073942065
707,0.2467533
708,-0.45505437
709,0.2805804
710,-0.4600758
711,-0.2628631
712,0.8805554
713,0.4031294
714,0.79763246
715,1.5214084
716,0.07568884
717,-0.37386376
718,-0.17504245
719,0.2184934
720,-0.2797502
721,-0.127027
722,-0.17226484
723,0.17774454
724,-0.89417446
725,-0.2737701
726,0.5997426
727,0.22737974
728,0.38665003
729,-0.2913608
730,-0.77163935
731,-0.94304657
732,1.3299973
733,1.2456892
734,-0.27542153
735,-0.33711702
736,-0.06687355
737,-0.3353467
738,1.5365326
739,-0.10179657
740,-0.16668648
741,0.7604762
742,-0.27469185
743,0.22920543
744,-0.91753316
745,-0.2850332
746,0.07211286
747,-0.04577571
748,-0.14056695
749,0.7977382
750,-1.0731263
751,-0.16415554
752,-1.1035217
753,0.23318726
754,-0.5245185
755,0.48724163
756,-0.70475584
757,0.12672722
758,-0.66194904
759,-0.2850332
760,0.1674673
761,0.75049746
762,-0.21598148
763,1.1183287
764,-0.1343588
765,-0.7894249
766,0.2753362
767,0.29602343
768,-0.66194904
769,-0.2540821
770,0.18969488
771,1.1703045
772,-0.4179173
773,0.39365593
774,0.21033955
775,0.6109851
776,0.63545567
777,0.065820284
778,-0.83191335
779,-0.12214855
780,-0.22097108
781,1.18533
782,-0.15222323
783,-0.4315576
784,0.5076836
785,-0.012536764
786,0.42719346
787,-0.084522836
788,-1.0769973
789,-1.3700633
790,-0.2952131
791,-0.26750314
792,0.26752877
793,1.0478935
794,0.18797663
795,0.41116697
796,0.1886366
797,-0.5892209
798,-0.5854314
799,-0.32983342
800,-0.10420781
801,0.20370066
802,0.36321193
803,-0.09943015
804,0.8769593
805,0.1674673
806,0.7380424
807,-0.74579895
808,-0.115959466
809,-0.6083461
810,0.06940365
811,-0.06088499
812,0.47094643
813,0.16437972
814,1.5728561
815,-0.2628631
816,0.09160641
817,0.5405563
818,1.0513955
819,0.8094418
820,1.1261839
821,1.2168565
822,0.83689016
823,-0.25407767
824,-0.42892116
825,-0.8437221
826,-0.84187484
827,-0.16710281
828,-0.80942124
829,-0.3058467
830,1.0071793
831,-0.20596272
832,0.20852664
833,-0.45316857
834,-0.03966856
835,1.0705248
836,-0.7791717
837,0.2794252
838,0.56675464
839,-0.19843692
840,-0.2786221
841,-0.6659939
842,0.2341302
843,-0.1855413
844,0.44162905
845,-0.78906703
846,0.19213225
847,-0.1603482
848,-0.297546
849,1.175985
850,-0.66194904
851,1.5119355
852,0.28006262
853,-0.5618178
854,-0.27676532
855,-0.66944885
856,-0.17333868
857,-0.40328404
858,1.1447008
859,0.22447333
860,0.3249242
861,-0.84187484
862,-0.2516767
863,-0.76209205
864,0.68649215
865,-0.42178428
866,0.9789964
867,0.20016173
868,-0.5048438
869,-0.21612155
870,-0.13377237
871,-0.056155473
872,0.43798798
873,-0.25987047
874,-0.050445437
875,0.020677865
876,0.5416963
877,-0.092778385
878,-0.6293648
879,-0.2850332
880,-0.3493837
881,1.1946979
882,-0.3270325
883,0.7160456
884,-0.23890916
885,-0.10569974
886,1.4207839
887,-0.14963764
888,-1.0557231
889,-0.6978212
890,0.020610154
891,-1.5003889
892,-0.010316312
893,-0.27214283
894,-0.46788877
895,-0.00015287101
896,0.22999012
897,-0.39117396
898,0.025862496
899,-0.38870373
900,0.18638027
901,-0.36541104
902,-0.38732907
903,-0.11650449
904,-0.399679
905,0.4832517
906,-0.5006412
907,0.257101
908,-0.11760366
909,-0.45075274
910,-0.2950667
911,0.15259212
912,-0.08617699
913,0.35767287
914,-0.6661473
915,-0.2977565
916,-0.08697966
917,-0.22925821
918,-0.20331386
919,0.4482062
920,1.6257017
921,0.40610224
922,0.23713684
923,-0.39306185
924,0.10507618
925,-0.3022952
926,-0.04465115
927,-0.22613847
928,-0.28556085
929,-0.7120959
930,0.5094752
931,-0.32414448
932,-0.29318523
933,-0.2758146
934,0.5061412
935,-0.12617359
936,-1.1667168
937,0.5371453
938,-0.26676556
939,0.49754566
940,-0.28200483
941,0.31772235
942,0.20330578
943,0.73843974
944,-0.054955542
945,0.9581712
946,-0.505972
947,0.35022208
948,0.25372645
949,-0.1966725
950,-0.32919562
951,0.022322543
952,0.28048193
953,0.744578
954,0.5101143
955,0.06795871
956,1.098764
957,-0.23184651
958,-0.39574844
959,-0.047216207
960,0.36735433
961,-0.077170014
962,0.67721826
963,0.36430323
964,0.8376007
965,0.15870118
966,-0.25646913
967,0.9746839
968,-0.64714456
969,-0.19431138
970,0.49855
971,0.1674673
972,-1.4080963
973,-0.43327588
974,-0.83951396
975,1.1961707
976,-0.32033584
977,-0.031004846
978,-0.1923469
979,1.1051046
980,0.19364825
981,0.17350611
982,0.06093514
983,0.22032765
984,-0.41583306
985,1.3057821
986,-0.314894
987,-0.5849856
988,-0.27214283
989,-0.28890535
990,0.18433592
991,-0.6314445
992,0.39674613
993,-1.1034319
994,-0.3219838
995,0.5350855
996,-0.96609455
997,1.3012673
998,0.25993317
999,0.45475933
1000,1.0845656
1001,-0.63724
1002,-0.058516443
1003,-0.4383704
1004,0.54066694
1005,-0.40856674
1006,-5.016844
1007,1.3027464
1008,0.4875794
1009,0.7713811
1010,0.12172124
1011,-0.27729896
1012,-0.43194148
1013,-0.33013737
1014,0.4609061
1015,-1.0766261
1016,0.15264955
1017,-0.04365351
1018,0.1674673
1019,0.6762562
1020,0.48997682
1021,-0.27214283
1022,0.71150863
1023,-1.1353263
1024,0.61071783
1025,0.44249046
1026,-0.23695302
1027,-0.29589152
1028,0.20177266
1029,-0.9942379
1030,0.1674673
1031,0.72090936
1032,0.060727894
1033,1.1384397
1034,-0.2950667
1035,-0.29667458
1036,-0.27666467
1037,-0.37828684
1038,-0.87838817
1039,1.0846509
1040,-0.9103855
1041,-0.18407789
1042,-0.27214283
1043,-0.4092655
1044,-0.8466472
1045,0.042652786
1046,-1.2905288
1047,-0.7558603
1048,0.25440833
1049,-0.4549188
1050,0.6998701
1051,0.28026438
1052,0.3907233
1053,1.2174393
1054,-0.5210872
1055,-1.0616701
1056,-0.5665326
1057,-0.6117698
1058,0.44605267
1059,-0.6009283
1060,0.4122408
1061,0.1736691
1062,0.32028204
1063,0.3555053
1064,-0.30973616
1065,0.28206983
1066,-0.25791556
1067,-1.1665583
1068,0.6730396
1069,-0.23177543
1070,-0.24654117
1071,0.1732518
1072,-0.18262142
1073,0.094540596
1074,0.8069359
1075,-0.94814295
1076,-0.23137562
1077,-0.8765203
1078,0.76241416
1079,0.16016972
1080,0.1691162
1081,-0.8406421
1082,0.14101672
1083,-0.047747374
1084,-0.32344568
1085,0.92378724
1086,-0.27214283
1087,-0.17596948
1088,-0.49082395
1089,-0.46455994
1090,-0.29109296
1091,1.3164167
1092,0.68971205
1093,0.80379194
1094,-0.25167352
1095,-0.29492545
1096,0.36965972
1097,-0.27709496
1098,-0.44174194
1099,0.18790764
1100,-0.25510067
1101,0.6200873
1102,-0.7756743
1103,0.67826456
1104,1.4238243
1105,-0.07286543
1106,-0.87876505
1107,-1.219753
1108,1.3559779
1109,-0.17054546
1110,1.3617382
1111,0.18770784
1112,0.34666443
1113,-0.2867664
1114,-0.012931578
1115,-0.58689433
1116,0.009088621
1117,0.23161548
1118,-0.1351754
1119,-0.38613212
1120,0.7739943
1121,0.08575946
1122,0.6686379
1123,1.1095572
1124,-0.21570873
1125,0.07567358
1126,-0.08437016
1127,-0.009087801
1128,-0.14539796
1129,-0.9300331
1130,-0.92881936
1131,-0.03521636
1132,-1.1422853
1133,-0.1690976
1134,0.5509943
1135,-1.3426645
1136,-1.3535659
1137,-0.2570179
1138,-0.39773083
1139,0.72317314
1140,-0.0142923
1141,-0.45409113
1142,-0.15961483
1143,1.2231624
1144,-0.018434644
1145,-1.2809165
1146,0.9437959
1147,-1.1274981
1148,0.5160617
1149,1.5491328
1150,-0.2850332
1151,-0.2930231
1152,-0.069554806
1153,0.06093514
1154,0.25368768
1155,0.4179561
1156,-0.7202256
1157,-0.53491515
1158,0.08205606
1159,-0.2666135
1160,-0.73736936
1161,-0.6368164
1162,0.27537158
1163,0.4856174
1164,0.17904025
1165,-0.315525
1166,-1.0354258
1167,-0.24297518
1168,-1.1644607
1169,0.36540926
1170,0.9275549
1171,-0.6038644
1172,0.27334064
1173,-0.15937802
1174,0.78489757
1175,-0.5229698
1176,-0.59427667
1177,0.0034897178
1178,-0.07357854
1179,-0.34239703
1180,-0.2850332
1181,-0.52388036
1182,0.09798747
1183,-0.2693777
1184,-0.83191335
1185,0.05842346
1186,1.005161
1187,-0.46304768
1188,-0.5592288
1189,-0.59443957
1190,0.851194
1191,0.20330578
1192,-0.15716484
1193,-0.16581282
1194,0.20330578
1195,0.8475771
1196,-0.12090066
1197,-0.803204
1198,-0.5608813
1199,0.5426432
1200,0.8955938
1201,-0.30687565
1202,-0.6853555
1203,-0.62250316
1204,-0.16824788
1205,-1.2976074
1206,-0.2811809
1207,-0.23237514
1208,-0.71840584
1209,-1.1865529
1210,0.58285695
1211,0.2221328
1212,-0.14483994
1213,0.56675464
1214,-0.15192759
1215,-0.7231192
1216,-0.18204525
1217,-0.09946672
1218,0.65892136
1219,0.17517975
1220,-0.37050852
1221,-0.2400034
1222,0.2071749
1223,-1.3483866
1224,-0.2850332
1225,0.47365206
1226,1.4191147
1227,-0.61942387
1228,0.7160456
1229,-0.11489636
1230,1.5171456
1231,-0.17660701
1232,0.36855137
1233,-0.12304717
1234,0.5615599
1235,-0.27214283
1236,-0.026427336
1237,-0.333747
1238,-0.701095
1239,-0.0151254535
1240,-0.034568816
1241,-0.19378102
1242,-0.21085027
1243,-0.33259004
1244,1.1353787
1245,-0.17078936
1246,-0.67969584
1247,-0.24781004
1248,-0.88139796
1249,1.42851
1250,-0.046385437
1251,0.4639238
1252,-0.73914593
1253,-0.9662737
1254,-0.07697376
1255,-0.27214283
1256,0.6196205
1257,0.21028179
1258,-1.081269
1259,0.2983
1260,0.1161145
1261,1.4553528
1262,0.17999521
1263,0.22710082
1264,-0.1833787
1265,-0.2628631
1266,-0.3593002
1267,0.27843148
1268,-0.73846805
1269,-0.24833542
1270,-0.6444318
1271,-0.16327506
1272,0.68971205
1273,0.9200364
1274,-0.9485754
1275,1.688055
1276,0.6855259
1277,0.057306558
1278,1.5926046
1279,1.1469331
1280,-0.121527255
1281,0.65380853
1282,-0.27670628
1283,0.18802136
1284,-0.6770482
1285,0.9910089
1286,-0.2850332
1287,-0.73062515
1288,-0.45370942
1289,0.09845081
1290,0.17774454
1291,-0.4996764
1292,1.1235886
1293,0.80054724
1294,1.7350202
1295,-0.14157116
1296,0.41750938
1297,0.9740027
1298,-0.10022197
1299,-0.7745432
1300,0.8961615
1301,-0.08205044
1302,0.33191288
1303,0.8527155
1304,0.33995113
1305,-0.65443254
1306,0.27335784
1307,-0.38106036
1308,0.18347299
1309,0.20330578
1310,-0.20440447
1311,-0.14916492
1312,0.16535977
1313,-0.11788282
1314,2.483882
1315,0.34886348
1316,1.3054228
1317,-0.42830598
1318,0.76820475
1319,-0.41740048
1320,1.1505446
1321,-0.091768466
1322,0.34873196
1323,0.8245012
1324,0.21940374
1325,0.10557385
1326,-0.029350638
1327,-0.077631615
1328,1.0607424
1329,1.3517818
1330,-1.0827777
1331,-0.59064734
1332,0.17979974
1333,-0.31497866
1334,0.18121842
1335,0.24879289
1336,1.2606447
1337,0.95203626
1338,-0.22232431
1339,0.49095154
1340,-0.2850332
1341,0.025458895
1342,1.2953119
1343,0.0054441616
1344,-0.6404672
1345,0.3438679
1346,-0.26750314
1347,0.1753071
1348,-0.95817965
1349,1.8799963
1350,-0.2742616
1351,-0.723196
1352,0.19522443
1353,0.6768029
1354,-0.25731197
1355,-0.053518236
1356,0.11944324
1357,-0.123736024
1358,-0.16787595
1359,0.78592044
1360,1.7892163
1361,0.8025913
1362,-0.26036486
1363,-0.2628631
1364,-0.18966958
1365,-0.90596056
1366,1.1849083
1367,0.8041164
1368,0.713819
1369,1.802033
1370,0.46822143
1371,1.6006835
1372,1.2847602
1373,-0.089641295
1374,0.2821275
1375,0.6829805
1376,0.2735449
1377,-0.2850332
1378,-0.7183832
1379,0.9994265
1380,0.21787673
1381,0.44130677
1382,-0.077559106
1383,-0.10082626
1384,1.0351105
1385,0.78861463
1386,1.2074754
1387,-0.22480956
1388,0.1674673
1389,-0.038806617
1390,0.20330578
1391,1.1649338
1392,1.0228053
1393,0.7285839
1394,0.33405977
1395,0.1674673
1396,0.22596341
1397,0.46403682
1398,-0.11427257
1399,0.42719346
1400,0.94407487
1401,0.45398143
1402,-0.65011156
1403,0.33481354
1404,-0.09960034
1405,1.0260156
1406,0.44486403
1407,0.3782534
1408,2.2871964
1409,0.55598605
1410,1.2168235
1411,0.62755245
1412,1.198504
1413,0.40849474
1414,-0.006824702
1415,0.78038716
1416,0.5234593
1417,-0.23305649
1418,-0.28083414
1419,1.0143608
1420,1.8160024
1421,0.37752622
1422,-0.5673566
1423,0.76316863
1424,-0.88253343
1425,0.8645849
1426,-0.955503
1427,1.4538502
1428,2.1478446
1429,1.4024208
1430,0.17132354
1431,1.3742158
1432,-0.26235738
1433,-0.25917336
1434,0.38088518
1435,0.46193013
1436,1.0377743
1437,1.5861337
1438,0.045041084
1439,-0.029122718
1440,-0.2605435
1441,-0.25664884
1442,0.34141573
1443,0.33538613
1444,0.3297595
1445,2.3698506
1446,-0.23412827
1447,1.3700652
1448,1.4324644
1449,1.4491321
1450,-0.99809015
1451,0.6933738
1452,1.6936411
1453,0.3973183
1454,0.1674673
1455,0.21474302
1456,-0.81078255
1457,0.9342034
1458,-0.09640604
1459,1.034403
1460,1.3803856
1461,0.24363765
1462,-0.049708784
1463,-0.78091526
1464,0.7118666
1465,-0.2985592
1466,-0.15674078
1467,0.96016884
1468,1.6334789
1469,1.5578413
1470,0.45195138
1471,1.1891152
1472,0.56618154
1473,1.1520054
1474,0.37523887
1475,-0.07662859
1476,1.2726007
1477,0.36155456
1478,0.029457249
1479,0.1791668
1480,-0.15287533
1481,0.64496803
1482,1.7260542
1483,1.3077124
1484,-0.113547176
1485,0.19727987
1486,-0.01894942
1487,1.1848646
1488,0.5922438
1489,-0.25303638
1490,2.762811
1491,1.1841998
1492,1.3011974
1493,0.76245195
1494,0.9255028
1495,-0.0139050335
1496,-0.10892713
1497,-0.08687428
1498,1.9294102
1499,0.36112553
1500,-0.5326193
1501,0.061803408
1502,0.3953719
1503,0.10016556
1504,0.35613436
1505,0.27634683
1506,1.2485529
1507,3.4188418
1508,0.13567388
1509,-0.07286697
1510,0.7387258
1511,0.7372756
1512,-0.24654117
1513,1.6325192
1514,0.26676667
1515,-0.72354305
1516,0.88144445
1517,0.5997426
1518,0.26785496
1519,-1.2080345
1520,0.1674673
1521,0.7566953
1522,0.40409517
1523,-0.20465052
1524,0.40286374
1525,1.3630531
1526,0.7383943
1527,-0.18890864
1528,0.061026096
1529,1.2817615
1530,1.6192343
1531,0.22725809
1532,1.2262437
1533,0.3028011
1534,0.7084341
1535,1.0551076
1536,-0.085001655
1537,0.20330578
1538,0.50468147
1539,0.4548494
1540,0.25261065
1541,-0.12952638
1542,0.69723755
1543,-0.15005815
1544,1.4514134
1545,0.3715933
1546,-0.054121345
1547,0.18159142
1548,-0.42613083
1549,1.1913745
1550,-0.57728446
1551,1.156028
1552,-0.1064041
1553,0.17680249
1554,0.21332848
1555,0.17568916
1556,-0.2850332
1557,0.123936854
1558,-0.2271617
1559,-0.044475496
1560,0.35904562
1561,-0.7770985
1562,0.7817047
1563,-0.10259494
1564,-0.2628631
1565,0.17267925
1566,0.61665326
1567,0.39775082
1568,0.036309112
1569,1.1191492
1570,0.23799348
1571,0.91139424
1572,1.022493
1573,-0.12085792
1574,1.437902
1575,-0.23640656
1576,1.1533251
1577,1.2427161
1578,0.14295968
1579,-0.36901817
1580,0.6285655
1581,-0.4382043
1582,-0.13111869
1583,0.44794583
1584,1.0702691
1585,-0.42143512
1586,1.4560509
1587,0.32830355
1588,0.32810235
1589,-0.07523855
1590,-0.04725814
1591,1.4955719
1592,1.5792829
1593,0.6793938
1594,0.34486175
1595,-0.029179871
1596,0.9155786
1597,1.1429676
1598,0.56490386
1599,-0.23596114
1600,1.5630504
1601,-0.23014182
1602,1.0292015
1603,-0.20230782
1604,1.0615971
1605,0.2004447
1606,0.65987533
1607,0.8047092
1608,0.63339555
1609,0.878989
1610,0.13254064
1611,0.054053724
1612,-0.040272146
1613,-0.05405473
1614,-0.3353467
1615,-0.21874976
1616,1.1833273
1617,1.1901476
1618,0.5615599
1619,0.8243066
1620,1.1458249
1621,1.2872292
1622,2.6013682
1623,0.43784004
1624,-0.5615589
1625,0.71598536
1626,0.2174511
1627,1.8836726
1628,0.9012619
1629,0.3428306
1630,0.500509
1631,1.6015807
1632,0.85467
1633,-0.25593284
1634,1.3189942
1635,-0.2826301
1636,1.2039567
1637,0.37132946
1638,-0.20032161
1639,1.4214575
1640,0.13873976
1641,-0.25535408
1642,0.59098285
1643,0.050497144
1644,-0.35091028
1645,1.997067
1646,2.2828832
1647,0.9974207
1648,1.6361142
1649,0.38543224
1650,-0.068536185
1651,1.2581148
1652,0.727796
1653,0.89761984
1654,-0.13806245
1655,1.7642772
1656,0.20597342
1657,1.2671868
1658,1.4936852
1659,0.16939557
1660,0.25124136
1661,-0.014478058
1662,0.25868243
1663,-0.2099657
1664,1.0488118
1665,1.0995944
1666,0.33999997
1667,0.43588597
1668,1.2249339
1669,0.39734638
1670,1.2415638
1671,1.2658479
1672,0.3583707
1673,0.23257852
1674,1.0045499
1675,1.2486271
1676,1.782707
1677,1.0167553
1678,0.8282657
1679,0.24601462
1680,0.4647799
1681,-0.18510947
1682,0.015547991
1683,0.846766
1684,0.751704
1685,0.9588288
1686,0.1674673
1687,-0.26750314
1688,-0.5878092
1689,1.2733959
1690,2.4105887
1691,-0.007404655
1692,0.09430462
1693,0.18764818
1694,-0.5086175
1695,0.38614315
1696,-0.11924395
1697,0.44253546
1698,0.77885795
1699,1.0888718
1700,0.24051648
1701,0.47587729
1702,1.4033874
1703,-0.23006314
1704,-0.05876273
1705,0.7971544
1706,-0.48378342
1707,0.024196252
1708,1.3500764
1709,0.24784875
1710,0.7438089
1711,1.226409
1712,-0.05617392
1713,-0.9209255
1714,1.0821683
1715,-0.21613374
1716,0.49253964
1717,0.78309673
1718,0.054586783
1719,-0.2850332
1720,1.0595737
1721,1.5593404
1722,1.3428321
1723,-0.04365351
1724,0.17993015
1725,1.5015244
1726,1.5796065
1727,0.95851916
1728,-0.07521216
1729,-0.17747101
1730,0.33065125
1731,0.4644403
1732,0.18507454
1733,0.27953142
1734,0.33086863
1735,0.7957761
1736,0.73238915
1737,2.178538
1738,1.3325516
1739,-0.20752004
1740,0.6135626
1741,0.9686862
1742,0.4656666
1743,1.0012836
1744,1.4989872
1745,0.6585809
1746,0.65845275
1747,0.32512242
1748,0.9316341
1749,0.48178634
1750,-0.5421102
1751,1.0399952
1752,0.53349686
1753,1.0006028
1754,1.4039907
1755,0.74558127
1756,1.402175
1757,1.6785963
1758,1.0361904
1759,-0.053909272
1760,0.18532023
1761,1.2936335
1762,2.5587533
1763,1.8439231
1764,1.0045345
1765,0.76537645
1766,-0.4805225
1767,0.8754144
1768,0.73536164
1769,1.1167455
1770,1.5974315
1771,1.1399101
1772,0.32572287
1773,1.4747763
1774,0.4736184
1775,0.64967006
1776,0.8869713
1777,-0.3690565
1778,0.7443548
1779,0.28577885
1780,0.188339
1781,0.40904295
1782,0.3858004
1783,0.90935344
1784,0.5219115
1785,1.6272107
1786,0.82304037
1787,-0.1835903
1788,0.043348134
1789,1.4479303
1790,1.2578981
1791,0.47502273
1792,1.4079189
1793,0.7735685
1794,1.2565295
1795,0.26864374
1796,1.1953456
1797,1.7440108
1798,-0.23553565
1799,0.67146915
1800,1.2299079
1801,-0.46048605
1802,0.7545015
1803,0.24526101
1804,0.308235
1805,-0.23488024
1806,1.206179
1807,1.2127708
1808,0.17543423
1809,1.0037217
1810,0.86199254
1811,0.17680249
1812,0.710686
1813,-0.118923485
1814,1.6859219
1815,1.07567
1816,0.44201595
1817,1.6156542
1818,0.044522703
1819,-0.17534325
1820,1.7176466
1821,0.85769343
1822,0.3864979
1823,1.1046238
1824,-0.18124035
1825,1.0566602
1826,1.3617437
1827,1.2371593
1828,0.94168633
1829,0.09723872
1830,-0.023105383
1831,-0.43628746
1832,1.3821247
1833,2.311441
1834,1.2096956
1835,1.6134989
1836,0.55368716
1837,1.0688449
1838,0.38423842
1839,0.6479497
1840,0.2870131
1841,0.5646537
1842,0.4898548
1843,0.3485257
1844,-0.2850332
1845,1.1151395
1846,0.84804356
1847,0.35934466
1848,0.4098906
1849,1.6805449
1850,0.24703202
1851,1.363817
1852,1.2526422
1853,1.370693
1854,0.6460392
1855,-0.19040358
1856,0.6018503
1857,0.1674673
1858,1.7275494
1859,0.56876814
1860,1.3813937
1861,0.84620154
1862,0.7555851
1863,1.4090916
1864,1.3678716
1865,-0.2225444
1866,1.1973953
1867,0.56587267
1868,-0.21802089
1869,0.72465336
1870,0.5900301
1871,0.7909925
1872,-0.58155155
1873,1.2440462
1874,0.34219885
1875,0.4162519
1876,1.4060805
1877,-0.17904136
1878,0.7726458
1879,1.164126
1880,2.3662953
1881,0.61043864
1882,1.3236511
1883,0.6204868
1884,0.7641092
1885,1.0704167
1886,0.020619035
1887,1.5398748
1888,1.6384606
1889,1.1008046
1890,1.8075583
1891,1.0063225
1892,-0.5340897
1893,0.35148418
1894,-0.2957629
1895,-0.04180041
1896,1.5799392
1897,1.3195168
1898,-0.0063951015
1899,0.6063721
1900,0.80980814
1901,0.2463041
1902,0.79018545
1903,1.2866364
1904,0.26771855
1905,0.41783977
1906,0.53198206
1907,0.6326052
1908,-0.8217329
1909,1.1630158
1910,1.6018536
1911,-0.2516767
1912,1.4586685
1913,0.4390929
1914,0.117467105
1915,-0.53052384
1916,1.277549
1917,-0.09456509
1918,0.14622474
1919,0.34754038
1920,-0.15036142
1921,1.1386216
1922,0.032569826
1923,1.6402705
1924,-0.30212545
1925,0.6173578
1926,0.48326135
1927,1.2018962
1928,1.2324529
1929,1.2467518
1930,1.7189882
1931,1.7323513
1932,-0.41726696
1933,-0.122761846
1934,0.8767071
1935,-0.39203683
1936,0.35570088
1937,0.91360015
1938,0.5079531
1939,-0.7962513
1940,0.9896699
1941,1.1394176
1942,1.254128
1943,0.2979164
1944,0.5399939
1945,1.7927272
1946,1.39431
1947,0.1674673
1948,0.2203654
1949,0.71916854
1950,1.234762
1951,-0.071238995
1952,-0.6543871
1953,1.3414142
1954,1.2911788
1955,-0.5320797
1956,1.370505
1957,0.16849947
1958,0.37719077
1959,0.41204315
1960,1.1051046
1961,0.05760157
1962,-0.11976963
1963,1.0888389
1964,0.65732896
1965,1.1193526
1966,2.046329
1967,0.49487394
1968,0.36504704
1969,0.29447636
1970,0.7678146
1971,-0.05238533
1972,0.9997195
1973,0.67670274
1974,0.6435522
1975,0.9687848
1976,1.3676732
1977,3.0050988
1978,1.3878447
1979,0.20811832
1980,1.6357442
1981,0.73892653
1982,0.8081324
1983,1.1407413
1984,1.194232
1985,0.098689616
1986,1.2782373
1987,0.46468213
1988,-0.04431382
1989,0.22471753
1990,0.0074612796
1991,1.0647994
1992,0.76553166
1993,-0.1628384
1994,1.4435948
1995,-0.20284754
1996,0.21671104
1997,0.841615
1998,0.47631794
1999,1.2097955
2000,-0.15577316
2001,-0.22695416
2002,0.22247988
2003,0.7842464
2004,-0.3982879
2005,1.0023236
2006,0.3334766
2007,1.1189398
2008,1.2575068
2009,0.91895926
2010,0.88923264
2011,1.9706161
2012,1.232482
2013,0.00939244
2014,1.2845876
2015,0.76743
2016,1.8276936
2017,1.8792942
2018,-0.18820459
2019,-0.76110995
2020,1.1985304
2021,-0.47406664
2022,1.2356372
2023,-0.22404274
2024,1.5775979
2025,0.29072195
2026,1.3111849
2027,0.5678867
2028,-0.3353467
2029,-0.27214283
2030,1.4669032
2031,0.47348565
2032,1.506551
2033,-0.292997
2034,-0.13800478
2035,-0.19675511
2036,1.3668711
2037,-0.22961262
2038,-0.19867772
2039,-0.6852956
2040,0.972388
2041,1.1473126
2042,1.5494645
2043,0.87593406
2044,1.3158146
2045,-0.78232175
2046,0.6701044
2047,1.3541498
2048,1.3793664
2049,-0.2850332
2050,-0.6507147
2051,0.757562
2052,2.4287906
2053,0.2798306
2054,1.1877466
2055,1.0146224
2056,0.90868014
2057,-0.1469566
2058,0.1674673
2059,0.015274823
2060,0.69539845
2061,0.6342509
2062,0.9859225
2063,0.9531715
2064,1.0589284
2065,-0.035423994
2066,-0.15249997
2067,1.4956269
2068,1.8073215
2069,1.2613922
2070,0.6617754
2071,1.2575068
2072,1.3824714
2073,0.83562577
2074,1.190966
2075,-0.08689626
2076,2.039754
2077,0.98138535
2078,1.2126721
2079,0.41144842
2080,0.7600725
2081,1.0665557
2082,-0.06198123
2083,0.20749283
2084,-0.033578515
2085,2.2220938
2086,0.00465554
2087,0.78451717
2088,0.8750634
2089,-0.3559262
2090,0.31969976
2091,1.1328115
2092,2.3696647
2093,0.847458
2094,0.39858228
2095,1.205096
2096,1.7859368
2097,1.0485026
2098,1.3700604
2099,-0.284082
2100,0.7767767
2101,1.2038639
2102,1.9871264
2103,1.1521132
2104,1.4559181
2105,0.3698353
2106,1.2801812
2107,0.7020253
2108,1.8404834
2109,1.6014757
2110,1.33232
2111,0.21981612
2112,1.6785963
2113,0.61894494
2114,0.7454513
2115,-0.2730186
2116,0.17517975
2117,0.5572651
2118,0.33757228
2119,-0.23754638
2120,1.214455
2121,1.1534173
2122,-0.11425256
2123,0.32552248
2124,0.8069048
2125,2.4143412
2126,0.39362586
2127,1.1633738
2128,1.5213728
2129,0.48509318
2130,0.8252884
2131,-0.23427027
2132,1.8884012
2133,0.030824453
2134,-0.040693007
2135,-0.023504496
2136,0.17865396
2137,-0.18476924
2138,0.15335274
2139,1.3009516
2140,0.019116938
2141,0.7913804
2142,1.6008807
2143,0.77020735
2144,0.28977323
2145,1.6372592
2146,-0.21529946
2147,1.0549666
2148,-0.5668152
2149,-0.22427619
2150,0.8309296
2151,0.22148299
2152,1.3333457
2153,0.79018545
2154,1.1724291
2155,0.7808632
2156,0.59942067
2157,0.99718606
2158,-0.14106089
2159,0.854726
2160,1.2565765
2161,0.10157648
2162,0.568895
2163,1.1691465
2164,0.77993584
2165,1.4164758
2166,1.3928955
2167,1.4817975
2168,1.3507397
2169,1.5200298
2170,0.31449887
2171,0.890216
2172,0.2490055
2173,0.3272059
2174,0.5186909
2175,-0.85569394
2176,0.23172182
2177,0.0074266046
2178,0.6724766
2179,1.2143798
2180,1.4533513
2181,1.1702702
2182,1.2459943
2183,0.24362954
2184,-0.76984227
2185,0.8600099
2186,-0.06823912
2187,1.925406
2188,-0.05650741
2189,1.0622344
2190,0.53334403
2191,0.0042656884
2192,1.6027932
2193,0.98772836
2194,-0.32004416
2195,1.100538
2196,0.9914073
2197,0.45360386
2198,0.25603735
2199,-0.22910693
2200,-0.037004434
2201,0.3033445
2202,0.4427334
2203,0.8236616
2204,0.24439037
2205,-0.2850332
2206,-0.7869311
2207,1.9485545
2208,-0.24489427
2209,0.74286383
2210,0.6910621
2211,1.2147532
2212,1.1895636
2213,1.1575186
2214,-0.2697458
2215,0.28103608
2216,-0.025977433
2217,1.0045345
2218,3.1763167
2219,1.6197762
2220,0.85811675
2221,1.2989227
2222,3.2601023
2223,1.1814051
2224,0.76806176
2225,1.4077961
2226,1.3646625
2227,-0.29331136
2228,1.6487341
2229,0.6270355
2230,2.0455172
2231,1.4786946
2232,1.2978027
2233,0.83004874
2234,0.40688834
2235,1.4490211
2236,0.6299849
2237,1.9080632
2238,-0.12835443
2239,0.30307046
2240,-0.22080195
2241,0.1674673
2242,1.7920349
2243,-0.27542153
2244,-0.5770028
2245,0.5905644
2246,0.19369787
2247,0.7788144
2248,1.1956829
2249,1.1267769
2250,0.45180297
2251,1.2242271
2252,1.0965633
2253,1.103018
2254,1.3443091
2255,1.1691465
2256,1.1139357
2257,0.21132556
2258,0.61298805
2259,-0.6037315
2260,-0.1289855
2261,1.232482
2262,0.5378685
2263,0.69599336
2264,0.46619385
2265,-0.37796563
2266,0.7483294
2267,1.1329744
2268,-1.3982072
2269,-0.2516767
2270,1.7986059
2271,0.20730463
2272,0.6919116
2273,0.09307423
2274,1.9234197
2275,-0.2850332
2276,1.7345886
2277,-0.3353467
2278,1.4968723
2279,0.41931772
2280,0.9150227
2281,1.5427382
2282,0.45442384
2283,1.0718192
2284,0.43132758
2285,1.1535203
2286,0.14007097
2287,-0.022010803
2288,-0.13191733
2289,0.37430245
2290,1.6954695
2291,0.7263819
2292,1.5363111
2293,1.6490297
2294,-0.18812892
2295,0.054243624
2296,-0.5262469
2297,0.0020546615
2298,0.5990505
2299,1.3138568
2300,1.1202433
2301,0.7015149
2302,0.45751256
2303,1.2215184
2304,0.9119429
2305,1.0622611
2306,2.0760493
2307,1.4295548
2308,1.1533213
2309,-0.2605435
2310,-0.13585037
2311,0.0883604
2312,0.8963365
2313,0.028112978
2314,0.9444055
2315,1.2822508
2316,0.7951718
2317,1.2079846
2318,1.4053488
2319,2.2373967
2320,1.2104104
2321,0.9019214
2322,0.7619063
2323,0.8316953
2324,1.6424513
2325,0.6098088
2326,-0.117594935
2327,1.0037217
2328,1.1741451
2329,0.7639764
2330,1.0590247
2331,0.90455395
2332,0.79037404
2333,1.1985699
2334,0.5873353
2335,1.2674968
2336,0.17680249
2337,1.3074212
2338,-0.9732231
2339,0.8039795
2340,1.5131354
2341,1.5683274
2342,1.1036782
2343,1.1137807
2344,0.2760939
2345,0.675014
2346,-0.1775634
2347,0.10164207
2348,2.2177982
2349,0.92863804
2350,1.6387368
2351,0.30345255
2352,1.1246977
2353,0.38113597
2354,-0.5162363
2355,1.6412759
2356,0.5963747
2357,0.20139074
2358,1.2554139
2359,0.8913404
2360,1.001857
2361,1.0513582
2362,0.7402801
2363,0.42719346
2364,0.64199287
2365,1.0631853
2366,2.459589
2367,1.0470524
2368,-0.52792406
2369,1.6076064
2370,-0.12505609
2371,1.0506585
2372,-0.05873421
2373,0.1619592
2374,-0.2850332
2375,1.4688622
2376,0.21254194
2377,1.1464291
2378,0.75945467
2379,1.4360846
2380,1.020865
2381,0.55456954
2382,0.22078723
2383,1.258673
2384,0.8424647
2385,-0.12290287
2386,0.32201427
2387,1.0425665
2388,0.7910936
2389,0.18879181
2390,1.5169268
2391,0.5782657
2392,1.0160053
2393,1.6014767
2394,1.49229
2395,1.0139092
2396,0.8925674
2397,0.25801924
2398,1.6495678
2399,-0.33383137
2400,0.3154995
2401,0.6585027
2402,-0.15614712
2403,0.39162594
2404,1.1603842
2405,1.5226815
2406,1.0013881
2407,1.2318541
2408,1.6589708
2409,1.2079846
2410,1.0664058
2411,-0.78386223
2412,0.8256732
2413,-0.79437697
2414,0.41081846
2415,0.6247637
2416,0.36316115
2417,0.29714713
2418,-0.21040648
2419,-0.024876602
2420,0.92428875
2421,0.60235083
2422,-0.108638346
2423,1.3153588
2424,-0.27214283
2425,0.97677803
2426,0.91824734
2427,1.2422624
2428,0.7527701
2429,0.7734224
2430,0.73948604
2431,0.9310725
2432,1.3524954
2433,0.6843059
2434,1.9336853
2435,1.2927313
2436,-0.26518282
2437,-0.0105929375
2438,-0.5461134
2439,0.89795953
2440,0.98861074
2441,1.417413
2442,0.058355033
2443,-0.2603124
2444,1.5796556
2445,1.9491938
2446,1.4243279
2447,0.19116902
2448,-0.27214283
2449,1.3607211
2450,2.3952074
2451,-0.07673965
2452,-0.17910776
2453,0.49051493
2454,1.9118745
2455,1.1214287
2456,-0.10374093
2457,0.58749896
2458,1.1801268
2459,-0.24140063
2460,1.2884291
2461,1.165662
2462,1.4480221
2463,-0.0779418
2464,-0.684455
2465,0.23257852
2466,0.46547228
2467,0.17132354
2468,0.4821049
2469,0.05760157
2470,-0.3910306
2471,0.6841713
2472,0.9000634
2473,0.25961572
2474,1.2849784
2475,-0.20014527
2476,0.6523913
2477,0.4325338
2478,0.25223085
2479,1.4208192
2480,1.2297428
2481,1.2967044
2482,1.0985154
2483,1.5477238
2484,1.3926502
2485,-0.0065876544
2486,-0.55690724
2487,0.8434072
2488,0.23112896
2489,1.4209902
2490,0.75135565
2491,0.95904356
2492,1.5695922
2493,1.09724
2494,2.2045226
2495,1.1390204
2496,2.2372406
2497,-1.2779857
2498,1.3989731
2499,-0.5928421
2500,0.4449572
2501,0.029695153
2502,0.91431856
2503,1.4592452
2504,-0.13892078
2505,-0.06403831
2506,0.9917349
2507,0.20330578
2508,-0.21874976
2509,1.4495591
2510,0.26900512
2511,0.17082696
2512,0.7934256
2513,-0.06493304
2514,0.79243755
2515,0.6601138
2516,0.27087966
2517,0.33221972
2518,-0.24006873
2519,1.1188927
2520,-0.017944127
2521,1.3067666
2522,0.5222584
2523,1.2564511
2524,0.882125
2525,1.1941495
2526,0.43603784
2527,0.025440156
2528,-0.038804293
2529,-0.3254893
2530,-0.2153914
2531,1.4637326
2532,0.85096765
2533,1.2063259
2534,0.51491404
2535,-0.23849672
2536,0.99002916
2537,1.2023945
2538,0.11487752
2539,0.5441498
2540,-0.68243456
2541,0.6564549
2542,0.43708274
2543,1.272654
2544,0.5615599
2545,1.5955391
2546,0.6603449
2547,0.844684
2548,0.6266086
2549,0.8214389
2550,0.5316546
2551,1.9067763
2552,1.1851404
2553,0.19276556
2554,0.1674673
2555,0.1818552
2556,2.5167398
2557,1.17977
2558,-0.2927244
2559,-0.26786187
2560,1.4297469
2561,0.53513604
2562,0.9784167
2563,1.4468539
2564,1.4313321
2565,1.4619095
2566,-0.56466925
2567,1.2604249
2568,1.3590558
2569,0.49811304
2570,0.36928597
2571,1.0488611
2572,1.2140865
2573,1.4813585
2574,0.46921614
2575,1.1093533
2576,1.267297
2577,-0.2628631
2578,0.35749447
2579,-0.1536026
2580,-0.3894146
2581,0.31839508
2582,1.9743748
2583,1.0323222
2584,0.52054715
2585,0.34809858
2586,1.2800733
2587,0.6974946
2588,0.7818091
2589,1.2043445
2590,0.26785496
2591,1.540053
2592,1.4387971
2593,-0.18217584
2594,1.1112468
2595,0.5854466
2596,1.2130349
2597,1.4160006
2598,1.7035949
2599,1.3739619
2600,-1.2916682
2601,1.0044167
2602,0.95199424
2603,1.3547968
2604,1.3281248
2605,0.5934858
2606,0.52331066
2607,1.1043761
2608,1.2574445
2609,1.5171456
2610,0.350307
2611,1.2252817
2612,1.2759168
2613,2.6515975
2614,1.1128564
2615,0.4211667
2616,-0.27709496
2617,1.5752951
2618,-0.42991567
2619,0.9236154
2620,-0.1180774
2621,1.4524021
2622,0.12105149
2623,0.78812975
2624,-0.0087172985
2625,1.2334474
2626,1.8974847
2627,0.9225533
2628,-0.27214283
2629,0.17916329
2630,-0.08753853
2631,1.0904604
2632,1.3990458
2633,-0.119924694
2634,0.29546595
2635,1.9126062
2636,0.17556155
2637,1.6510936
2638,1.5524349
2639,1.2454584
2640,0.4142717
2641,2.178147
2642,2.0639617
2643,0.82970107
2644,1.2489581
2645,0.22864795
2646,-0.65804744
2647,1.0380428
2648,0.5437183
2649,0.11812228
2650,0.0620099
2651,0.59408426
2652,1.2213867
2653,-0.13298494
2654,0.8346115
2655,-0.23407975
2656,0.9788027
2657,1.345567
2658,-0.15727559
2659,1.9757268
2660,0.48902136
2661,-0.26502913
2662,1.1055973
2663,0.87619466
2664,0.6201117
2665,-0.29160953
2666,0.7334608
2667,-0.12488854
2668,0.54775333
2669,0.8961615
2670,1.7765747
2671,2.2186754
2672,1.5123827
2673,0.9013731
2674,-0.24459332
2675,-0.17590621
2676,1.2029002
2677,-0.025274724
2678,1.0830188
2679,-0.5968837
2680,0.37805015
2681,1.1744086
2682,1.3647223
2683,-0.18907341
2684,1.9423537
2685,0.03134945
2686,0.59828675
2687,0.3650767
2688,0.79134285
2689,0.7590173
2690,0.12505347
2691,1.4262083
2692,0.7481914
2693,1.324539
2694,-0.26518282
2695,-0.62837106
2696,-0.13076606
2697,-0.23645875
2698,0.14004874
2699,-0.17333078
2700,-0.017478704
2701,0.4555263
2702,0.79018545
2703,0.1674673
2704,0.2783532
2705,1.5950215
2706,0.29704347
2707,-0.6821029
2708,-0.3578544
2709,0.18745595
2710,0.6189816
2711,-0.16268276
2712,0.5296128
2713,1.0223355
2714,0.9673377
2715,0.59250057
2716,-0.1671179
2717,0.82385594
2718,0.36468574
2719,-0.2850332
2720,0.15183328
2721,-0.5986759
2722,-0.13507062
2723,1.5209334
2724,0.17281592
2725,0.7333841
2726,-0.136922
2727,-0.47037646
2728,-0.0951319
2729,0.121391594
2730,0.12560317
2731,-0.24855784
2732,-0.10526568
2733,1.3750875
2734,0.5138718
2735,-0.7442732
2736,1.3776602
2737,-0.020122826
2738,0.3272518
2739,-0.1094293
2740,0.010824196
2741,0.34617168
2742,1.5080893
2743,0.10580444
2744,1.2881305
2745,2.2225022
2746,0.19299048
2747,0.20671284
2748,-0.8692547
2749,-0.07053266
2750,-0.22998178
2751,-0.91588223
2752,0.03069155
2753,0.34754956
2754,0.41350287
2755,0.24030775
2756,-0.061390378
2757,1.1911718
2758,-0.8073817
2759,1.4220546
2760,1.0460514
2761,0.22538751
2762,0.3387134
2763,-0.28556842
2764,0.14938575
2765,0.8035637
2766,1.3895183
2767,-0.5255504
2768,1.5630224
2769,1.079236
2770,-0.5592007
2771,0.65376836
2772,-0.5153846
2773,-0.07664778
2774,1.0282421
2775,-0.0049787164
2776,-0.24630022
2777,1.7025125
2778,-0.31604907
2779,0.055674076
2780,2.1779118
2781,0.5945926
2782,-0.2950667
2783,0.10886594
2784,0.6620917
2785,1.1935375
2786,0.13673383
2787,-0.6542376
2788,0.638507
2789,0.8126884
2790,0.5161146
2791,1.6129749
2792,1.1454883
2793,0.75267756
2794,1.2784737
2795,-0.05729434
2796,-0.27061594
2797,-0.20893186
2798,1.3218889
2799,-0.11008981
2800,-0.34661442
2801,-0.23920298
2802,-0.49554306
2803,1.6514983
2804,0.45243692
2805,-0.27782446
2806,-0.57604194
2807,0.20330578
2808,1.3712957
2809,0.28577623
2810,1.0399781
2811,0.03506285
2812,1.1022304
2813,0.23825234
2814,1.3304704
2815,-0.36639833
2816,0.18391052
2817,0.32364622
2818,0.39636505
2819,1.5747616
2820,0.20864123
2821,-0.801206
2822,1.0652986
2823,1.0929574
2824,1.1106417
2825,-0.36100665
2826,0.4516973
2827,-0.8261293
2828,0.91389906
2829,0.1857112
2830,0.33600616
2831,0.57860124
2832,0.7633215
2833,0.64280105
2834,-0.34401923
2835,-0.44092163
2836,0.16366291
2837,-0.86295485
2838,0.27831826
2839,0.47631794
2840,-0.32684863
2841,-0.6147981
2842,0.92374617
2843,0.9713317
2844,-0.26128268
2845,-0.09613305
2846,-0.051118284
2847,-0.3388902
2848,0.21023858
2849,0.17814326
2850,0.43954885
2851,0.11648798
2852,0.5908503
2853,-0.64541686
2854,-0.2919099
2855,0.97600776
2856,0.52632695
2857,0.06093514
2858,0.4210661
2859,-0.24604118
2860,-0.84187484
2861,0.11176652
2862,-0.81851697
2863,-0.2850332
2864,-0.084163666
2865,0.5584613
2866,-0.55455434
2867,0.84418267
2868,-0.15299565
2869,0.075355776
2870,0.52494085
2871,0.39754623
2872,0.9956222
2873,-0.6016142
2874,1.0030284
2875,0.2806812
2876,-0.0044597387
2877,0.31438285
2878,-0.85311586
2879,-0.1466052
2880,-0.2850332
2881,-0.17686763
2882,-0.14948738
2883,0.82985127
2884,-0.7168613
2885,-1.1922386
2886,-0.47477508
2887,-0.25822362
2888,0.22164637
2889,0.030063748
2890,-1.4139552
2891,-0.98844886
2892,-0.36086342
2893,1.4175364
2894,1.2283683
2895,0.5318543
2896,-0.4566667
2897,-0.09901774
2898,-0.27542153
2899,-0.27214283
2900,0.3804727
2901,0.013382167
2902,-0.19234776
2903,-0.018237382
2904,1.290758
2905,0.48711866
2906,1.3496798
2907,0.8310738
2908,0.46449208
2909,-0.46483696
2910,0.9173289
2911,-0.08484292
2912,-0.26751766
2913,0.5997426
2914,-0.2151624
2915,0.80395854
2916,0.53041416
2917,-0.27214283
2918,1.2575068
2919,0.035014898
2920,-0.41583306
2921,0.24626255
2922,0.12773019
2923,-0.30588654
2924,-0.7647824
2925,0.24065948
2926,-0.58570164
2927,-0.84187484
2928,-0.50675184
2929,0.8068608
2930,0.7184163
2931,1.2716196
2932,-0.70580477
2933,0.22349936
2934,1.0015732
2935,0.9046663
2936,-0.2820025
2937,0.75977737
2938,-0.18394884
2939,-0.22645715
2940,1.0527205
2941,-0.57519203
2942,0.74415344
2943,0.103441
2944,1.1026287
2945,1.4517598
2946,-1.28021
2947,-0.2815743
2948,-0.99114937
2949,-0.38189715
2950,-0.58995104
2951,0.11192548
2952,0.003309369
2953,0.8912223
2954,-0.7052509
2955,0.86063975
2956,0.028339267
2957,-0.2850332
2958,0.89319617
2959,0.32782993
2960,0.4370665
2961,-0.2850332
2962,1.3411663
2963,0.5182744
2964,1.0853906
2965,-0.043346047
2966,0.94108856
2967,1.3576834
2968,0.10347697
2969,-1.09617
2970,1.0365522
2971,0.9514315
2972,1.0635586
2973,-0.27214283
2974,-0.9922501
2975,-0.57265633
2976,0.5717792
2977,0.45167547
2978,1.107017
2979,0.78113943
2980,-0.16601819
2981,0.79194397
